Check,Dataset_A,Dataset_B,Label,Overlap_Count
DeepSeek OR train vs common OR test,deep_train,deep_test,OR,0
DeepSeek train CG vs LFM test CG,deep_train,lfm_test,CG,0
GLM train CG vs LFM test CG,glm_train,lfm_test,CG,0
GLM validation CG vs LFM test CG,glm_val,lfm_test,CG,0
DeepSeek validation CG vs LFM test CG,deep_val,lfm_test,CG,0
DeepSeek train CG vs GLM test CG,deep_train,glm_test,CG,0
LFM train CG vs GLM test CG,lfm_train,glm_test,CG,0
LFM validation CG vs GLM test CG,lfm_val,glm_test,CG,0
DeepSeek validation CG vs GLM test CG,deep_val,glm_test,CG,0
DeepSeek train CG vs LFM train CG,deep_train,lfm_train,CG,0
DeepSeek train CG vs GLM train CG,deep_train,glm_train,CG,0
LFM train CG vs GLM train CG,lfm_train,glm_train,CG,0
